[{
    "status": "authorized",
    "card_present_flag": "1",
    "bpay_biller_code": "Null",
    "account": "ACC-1037050564",
    "currency": "AUD",
    "long_lat": "153.10 -27.66",
    "txn_description": "SALES-POS",
    "merchant_id": "48514682-c78a-4a88-b0da-2d6302e64673",
    "merchant_code": "Null",
    "first_name": "Rhonda",
    "balance": 2117.22,
    "date": "2018-08-01T01:38:45.000+0000",
    "gender": "F",
    "age": "40",
    "merchant_suburb": "Buderim",
    "merchant_state": "QLD",
    "extraction": "2018-08-01T01:38:45.000+0000",
    "amount": 40.9,
    "transaction_id": "2698170da3704fd981b15e64a006079e",
    "country": "Australia",
    "customer_id": "CUS-1614226872",
    "merchant_long_lat": "153.05 -26.68",
    "movement": "debit"
  }]